FLAG,Section,Subsection,Key,Measure,Context,Comparison,type,of,detail,units,indicatorDetail
,At a glance,,overall-pop,Total population,,<MIN(Overallpop)> people live in this neighborhood.,Number,people,,,
,At a glance,,age-distribution,Population by age,,,Percent,residents,,,
,At a glance,,race-ethnicity,Population by race/ethnicity,,,Percent,residents,,,
LK: new measure NOT IN SITE,,,,Population by disability,,,,,,,
,At a glance,,self-rep-health,Self-reported health,How residents feel about their own health can be a good measure of overall mental and physical health. ,"<AVG(Value Percentage)> of residents report that their own health is ""excellent"", ""very good"" or ""good"", <AGG(NYC comparison)> the rest of NYC.",Percent,residents,,,
,At a glance,,born-outside-us,Born outside the US,,<SUM(Value Percentage)> of residents,Percent,residents,,,
,At a glance,,ltd-eng-prof,Limited English proficiency,,<SUM(Value Percentage)> of residents,Percent,residents,,,
LK: new measure NOT IN SITE,,,,Top three languages spoken other than English,,,,,,,
category intro,Social,,,Category intro,"Social and economic factors shape the conditions in which people live, work, and age. Indicators in this category reflect the economic pressures, safety, and educational opportunities available to residents across NYC neighborhoods.",,,,,,
,Social,Community conditions,helpful-neighbor,Helpful neighbors,Strong social connections can have a positive impact on the health of community members. Providing support to neighbors is one aspect of connectedness.,"In <Name>, <SUM(Value Percentage)> of residents think that their neighbors are willing to help one another. This is <AGG(NYC comparison)> the rest of the city.",Percent,adults 18+,who report having helpful neighbors.,,"People who ""somewhat agree"" or ""strongly agree"" that people in their neighborhood are willing to help ther neighbors."
,Social,Community conditions,assault-hosp,Nonfatal assault hospitalizations,Hospitalizations related to injuries from assaults capture the consequences of community violence. ,<Name> has a rate of assault-related hospitalizations that is <AGG(NYC comparison)> the citywide rate.,Rate,nonfatal assault hospitalizations,,"per 100,000",
,Social,Community conditions,jail-incarceration,Incarcerations,"Incarceration takes a toll on individuals, families and communities. Black and Latino New Yorkers experience higher policing compared with non-Latino white New Yorkers. This leads to higher rates of detention, which may include long periods of time spent in jail before trial. People who have been incarcerated are more likely to experience mental and physical health problems. They may also have trouble finding employment and housing and accessing healthy food.",,Rate,adults age 16+,admitted to local jails,"per 100,000",
,Social,Economic,poverty,Poverty,Living in high-poverty neighborhoods limits healthy options and makes it difficult to access health care and resources that promote health. ,"In <Name>, <SUM(Value Percentage)> of residents live in poverty, compared with <SUM(NYC reference (%))> of NYC residents.",Percent,people,below NYC's poverty threshold,,Calculated based on income and necessary expenses.
,Social,Economic,unemployment,Unemployment,Access to affordable housing and employment opportunities with fair wages and benefits are closely associated with good health.,<Name>'s unemployment rate of <SUM(Value Percentage)> is <AGG(NYC comparison)> the citywide average of <SUM(NYC reference (%))>.,Percent,civilian labor force age 16+,who are unemployed,,
,Social,Economic,rent-burden,Rent burden,"Rent burdened households pay more than 30% of their income for housing and may have difficulty affording food, clothing, transportation, and health care. ","<SUM(Value Percentage)> of <Name> residents are rent burdened, <AGG(NYC comparison)> the citywide rate.",Percent,renter-occupied homes,with rent above 30% of household income,,"Includes rent plus average monthly cost of utilities - electricity, gas, and water and sewer."
design in progress,Social,Economic,avertable-death,Avertable deaths,"One way to consider the effect of income on health is by comparing death rates among neighborhoods. “Avertable deaths"" are those that could have been avoided if each neighborhood had the same death rate as the five wealthiest neighborhoods. ",<Avertable deaths text 1> <Avertable deaths percent><CD for avertable deaths 1> <Avertable deaths text 2> <CD for avertable deaths 2>,Percent,deaths,that would be avoided if death rate was the same as the 5 wealthiest neighborhoods,,
,Social,Education,school-absent,Elementary school absenteeism,Missing too many days of school can cause students to fall behind and increases their risk of dropping out. ,"In <Name>, the elementary school absenteeism rate is <SUM(Value Percentage)>, which is <AGG(NYC comparison)> the rate for NYC overall (<SUM(NYC reference (%))>).",Percent,public school students (grade K through 5),missing over 10% of school days,,
,Social,Education,on-time-hs-grad,On-time high school graduation,TBD add sentence,"<SUM(Value Percentage)> of high school students in <Name> graduate in four years, <AGG(NYC comparison)> the citywide rate.",Percent,public school students,graduating in 4 years,,
design in progress,Social,Education,edu-did-not-complete-hs,Did not complete high school,,,,,,,
design in progress,Social,Education,edu-hsgrad-some-college,High school graduate / Some college,,,,,,,
design in progress,Social,Education,edu-college-degree-and-higher,College degree or higher,Higher education levels are associated with better health outcomes.,"<AGG(Estimate description - sentence case)> adults in <Name> <AGG(Have or has)> a college degree. <SUM(Edu Did Not Complete HS)> of adults have not completed high school, a rate <AGG(Edu Did Not Complete HS - NYC Comparison)> the citywide rate.",,,,,
category intro,Neighborhood,,,Category intro,"The physical and built environment of a neighborhood has a direct impact on the health of its residents. These indicators reflect environmental quality, food access, housing conditions, and transportation infrastructure across NYC community districts.",,,,,,
,Neighborhood,Environmental risk,air-pollution,Air quality,Air quality varies by community district.  ,"In <Name>, levels of the most harmful air pollutant, fine particulate matter (PM2.5) are <SUM(Value)> micrograms per cubic meter.",Annual average,fine particulate matter (PM2.5),,mcg/m³,
LK: updated text for new measure,Neighborhood,Environmental risk,heat-vulnerability-index,Heat vulnerability,"The risk of death from heat is inequitably distributed across neighborhoods. Each neighborhood's environmental and social factors are used to create a heat vulnerability index (HVI), with values ranging from 1 to 5 for each community district, where 5 represents the highest heat vulnerability and 1 represents the lowest.",In CD <NAME> the heat vulnerability is <Value> out of 5.,Score,from 1 (lowest) to 5 (highest),showing risk of heat-related illness,out of 5,"The Heat Vulnerability Index is made from data on surface temperature, green space, air conditioning access, median income, and Black population (the population most excluded from heat resources). Differences in community-level heat impacts stem from structural racism, which limits access to preventive resources."
,Neighborhood,Food,farmers-markets,Farmers markets,"It is easier to make healthy choices when healthy, affordable food is readily available. ","<Name> is home to <Farmer's market text 1> <Farmer's market text 2> farmers markets, a source of healthy food.",Number,farmer's markets,,,
NOT IN SITE,Neighborhood,Food,,Fruits and veggies,Food security means having consistent access to enough nutritious and desirable food to support an active and healthy life. ,"In <NAME>, <VALUE> of adults are at risk of food insecurity.",,,,,
,Neighborhood,Food,sugary-drink,Sugary drinks,"Sugary drink consumption can increase the risk of type 2 diabetes, heart disease, cavities, weight gain, and obesity. Industry marketing can affect behavior and sugary drinks are heavily marketed to youth and communities of color. Sugary drink consumption has decreased to <SUM(NYC reference (%))> in NYC.  ",<SUM(Value Percentage)><Reliability> of <Name> adults drink at least one sugary drink a day.,Percent,adults age 18+,who report drinking 1 or more 12 ounce sugar sweetened beverage per day,,"Including sodas, fruit punch, sweet iced tea, sports drinks, etc."
MM: updated text ,Neighborhood,Food,fruit-veg,Fruits and veggies,,The percentage of <Name> adults who report eating at least one serving of fruits or vegetables in the last day is <AGG(NYC comparison)> the citywide average of <SUM(NYC reference (%))>.,Percent,adults age 18+,who report eating 1 or more servings of fruits and vegetables in the last day,,
CHECK-->,Neighborhood,Housing quality,homes-no-defects,Homes with any maintenance problems,Every resident has the right to live in housing that is safe and pest-free. ,"In <Name>, <SUM(Value Percentage)><Reliability> of renter-occupied homes have at least one health-related maintenance problem.",Percent,renter-occupied homes,with any reported maintenance problems,,"Including water leaks, cracks and holes, inadequate heating, presence of mice or rats, toilet breakdowns, or peeling paint."
,Neighborhood,Housing quality,homes-roach,Homes reporting cockroaches,"Poorly maintained housing is associated with poor health outcomes, including worsened asthma and other respiratory illnesses. ","<AGG(ZN(SUM([Value Percentage])))><Reliability><Suppression> of <Name> households report seeing cockroaches, which are a potential asthma trigger.",Percent,households,that report seeing at least one cockroach daily over the last month,,
,Neighborhood,Housing quality,homes-ac,Homes with AC,Most heat stroke deaths in NYC occur in homes without air conditioning. ,<SUM(Value Percentage)><Reliability> of households in <Name> have working air conditioners.,Percent,households,that report having functioning air conditioning,,
,Neighborhood,Transport & safety,bike-coverage,Bicycle network coverage,Access to bike lanes can make it easier and safer to ride a bike more often.  ,"<SUM(Value Percentage)> of roads in <Name> have bike lanes, which is <AGG(NYC comparison)> NYC overall.",Percent,streets,with bicycle lanes,,"Including bicycle lanes and protected bicycle lanes, excluding dirt trails, boardwalks, and velodrome tracks."
,Neighborhood,Transport & safety,pedestrian-hosp,Pedestrian injury hospitalizations,,<Name> residents have a pedestrian injury hospitalization rate that is <AGG(NYC comparison)> NYC overall.,Rate,pedestrian injury hospitalizations,,"per 100,000",
category intro,Health care,,,Category intro,"Access to affordable, high-quality health care is essential to keeping communities healthy. These indicators measure insurance coverage, unmet need, health care utilization patterns, and preventive service uptake across NYC neighborhoods.",,,,,,
design in progress,Health care,Access to care,uninsured,Health insurance,"Health insurance can make it easier to get affordable primary care, which can help New Yorkers manage chronic conditions and stay healthy. ","In <Name>, <SUM(ValuePercentage CarotIfNull)><ReliabilityFlagForTextBalnkIfNull> of adults are uninsured, <AGG(NYC comparison)> the rest of NYC.",,,,,
re-name,Health care,Access to care,unmet-med-care,Unmet medical care,"People may encounter financial or other barriers that reduce their access to needed health care, which can lead to worse health outcomes. ","<SUM(Value Percentage)><Reliability for selected communities> of adults report going without needed medical care in the past 12 months, <AGG(NYC comparison)> the rest of NYC.",Percent,adults age 18+,who report not getting needed medical care in the past 12 months,,
,Health care,Injury & hospitalization,avoidable-adult-hosp,Avoidable hospitalizations,“Avoidable hospitalizations” are those that could be prevented if adults had access to quality primary care. ,The rate of avoidable hospitalizations among adults in <Name> is <AGG(NYC comparison)> the citywide rate.,Rate,avoidable hospitalizations,,"per 100,000 adults (age 18+)",
,Health care,Injury & hospitalization,falls-hosp,Fall-related hospitalizations,Falls are a leading cause of injury among older adults that can result in decreased ability to function and lower quality of life. ,<Name>’s rate of fall-related hospitalizations among adults 65 years of age and older is <AGG(NYC comparison)> the citywide average.,Rate, fall-related hospitalizations,,"per 100,000 adults (age 65+)",
,Health care,Prevention,flu-vaccination,Flu vaccination,Everyone ages 6 months and older should get the flu vaccine every year. ,"<SUM(Value Percentage)> of <Name> adults report getting a flu vaccine in the last 12 months, <AGG(NYC comparison)> the rest of NYC.",Percent,adults age 18+,who report receiving a flu vaccine in the last 12 months,,
,Health care,Prevention,hpv-vaccination-all,HPV vaccination,The human papillomavirus (HPV) vaccine protects against cancers caused by HPV infection and is routinely recommended for all children between the ages of 11 and 12. ,"In <Name>, <SUM(Value Percentage)> of teens 13 years of age receive all recommended doses of the HPV vaccine by their 13th birthday.",Percent,teens age 13 to 17,who completed the human papillomavirus vaccine series,,
category intro,Family & child health,,,Category intro,"The health of mothers and children reflects the quality and equity of care in a neighborhood. These indicators capture outcomes during pregnancy, birth, and early childhood across NYC community districts.",,,,,,
,Family & child health,Maternal,late-no-prenatal,Late or no prenatal care,"Access to quality health care is critical to a mother’s health before, during, and after pregnancy, and to the health of our littlest New Yorkers. ","In <Name>, the rate of expectant mothers receiving late or no prenatal care is <AGG(NYC comparison)> the citywide rate.",Percent,live births,that received late or no prenatal care,,Late prenatal care is after the first and second trimester.
,Family & child health,Maternal,preterm-births,Preterm births,Preterm birth (three or more weeks before the due date) is a key driver of infant death. ,"<SUM(Value Percentage)> of births to <Name> residents are preterm (three or more weeks before the due date), <AGG(NYC comparison)> the citywide rate.",Percent,live births,born 3+ weeks before due date,,
,Family & child health,Maternal,teen-births,Teen births,,"The teen birth rate in <Name> is <SUM(ValueBlankIfNull)><ReliabilityFlagForTextBalnkIfNull> per 1,000 teen females.",Rate,births,where the mother is under age 20,"per 1,000 girls (age 15 to 19)",
,Family & child health,Infant & child,infant-mort,Infant mortality,,"In <Name>, the infant mortality rate<AGG(HO infant mortality narrative text)> <AGG(NYC comparison)><AGG(NYC comparison 2)> ",Rate,deaths,under age 1,"per 1,000 live births",
,Family & child health,Infant & child,child-obesity,Childhood obesity,,<SUM(Value Percentage)> of <Name> children in grades K through 8 have obesity. This is <AGG(NYC comparison)> the citywide rate<AGG(If NYC and CD are the same omit City - child obesity)>.,Percent,public school chlidren (grade K through 8),with obesity,,"Age- and gender-specific Body Mass Index greater than or equal to the 95th percentile, based on CDC's 2000 growth charts."
,Family & child health,Infant & child,child-asthma,Child asthma ED visits,"Many childhood asthma emergency department visits could be prevented by reducing the presence of pests, mold, secondhand smoke, and other asthma triggers, and by taking daily medication. ","The asthma emergency department visit rate among children ages 5 to 17 in <Name> is <SUM(Value)> per 10,000 children.",Rate,emergency department visits for asthma,,"per 10,000 children (age 5 to 17)",
category intro,Mental health & substance use,,,Category intro,,,,,,,
,Mental health & substance use,Mental health,psych-hosp,Psychiatric hospitalizations,"High psychiatric hospitalization rates likely reflect the challenges residents in underresourced neighborhoods face, including difficulty accessing preventive services and early care, greater exposure to stressors, and interruptions in health insurance coverage. ",The rate of adult psychiatric hospitalization in <Name> is <AGG(NYC comparison)> the citywide rate.,Rate,psychiatric hospitalizations,,"per 100,000 adults (age 18+)",
NOT IN SITE,Mental health & substance use,Mental health,,Depression,"Depression is a common mental health condition that
can affect anyone. Treatment is available. ","In <Name>, <Value> of adults have depression.",,,,,
"NOT IN SITE, LK: updated text fornew measure",Mental health & substance use,Mental health,,Serious psychological distress,Serious psychological distress (SPD) describes people experiencing mental health symptoms and associated problems with daily functioning. ,"In <Name>, <Value> of adults have SPD.",,,,,
,Mental health & substance use,Substance use,smoking,Smoking,The City is committed to reducing smoking equitably in all NYC neighborhoods. ,The adult smoking rate in <Name> is <AGG(NYC comparison)> NYC overall.,Percent,adults age 18+,who report smoking,,"Smoking at least 100 cigarettes, and now report smoking every day or some days."
NOT IN SITE,Mental health & substance use,Substance use,,Vaping,"As cigarette smoking has declined, use of e-cigarettes has increased, especially among teens and young adults. ","In <Name>, <Value> of adults vape.",,,,,
NOT IN SITE,Mental health & substance use,Substance use,,Cannabis,"Cannabis use has been shown to have health risks and benefits. Like tobacco smoke, cannabis smoke contains tar and cancer-causing chemicals. ","In <Name>, <Value> of adults use cannabis.",,,,,
,Mental health & substance use,Substance use,binge-drink,Binge drinking,"Binge drinking is linked to high-risk behaviors and chronic health problems, including cancer. ",The binge drinking rate in <Name> is <AGG(NYC comparison)> the rest of NYC.,Percent,adults 18+,who report binge drinking,,5 or more drinks for men and 4 or more drinks for women on one occasion during the past 30 days
category intro,Health conditions,,,Category intro,"Chronic diseases and infectious conditions are the leading causes of death and disability in New York City. Indicators here track the prevalence of long-term conditions, infectious disease burden, and key population-level health outcomes across neighborhoods.",,,,,,
,Health conditions,Chronic conditions,obesity,Obesity,"Obesity can lead to diabetes, high blood pressure, and other health conditions. ","<Name>'s adult obesity rate is <SUM(Value Percentage)><Reliability>, which is <AGG(NYC comparison)> the rest of NYC.",Percent,adults 18+,with obesity,,"Body Mass Index of 30 or greater, based on self-reported height and weight"
,Health conditions,Chronic conditions,diabetes,Diabetes,Nearly one million New Yorkers have diabetes.,"In <Name>, <SUM(Value Percentage)><Reliability> of adults have been diagnosed with diabetes, which is <AGG(NYC comparison)> the rest of NYC.",Percent,adults 18+,who report being told by a healthcare professional that they have diabetes,,
,Health conditions,Chronic conditions,hypertension,Hypertension,"Hypertension, also known as high blood pressure, is a leading risk factor for heart disease and stroke. ","<SUM(Value Percentage)><Reliability> of adults in <Name> have been told they have hypertension, which is <AGG(NYC comparison)> the rest of NYC.",Percent,adults 18+,who report being told by a healthcare professional that they have hypertension (high blood pressure),,
,Health conditions,Infectious disease,hiv-diagnosis,New HIV diagnoses,Getting an HIV test is the first step to accessing treatment if you are positive or developing an HIV prevention strategy if you are negative.,,Rate,new HIV diagnoses,,"per 100,000 people",
,Health conditions,Infectious disease,hepc-reports,New Hep C reports,"Hepatitis C is a virus that damages the liver. New Yorkers born between 1945 and 1965, and people who have ever injected drugs should be tested because hepatitis C can be cured.",,Rate,new chronic hepatitis C reports,,"per 100,000 people",
,Health conditions,Health outcomes,premature-mort-rate,Premature death,"Across NYC neighborhoods, longstanding disparities persist among premature mortality rates (death before the age of 65). People living in high poverty neighborhoods and Black New Yorkers are dying before age 65 at higher rates.",Cancer and heart disease are leading causes of premature death in <Name> and in all communities in NYC. <AGG(However for premature mort)> <Name> residents die prematurely at a rate <AGG(NYC comparison)> residents citywide.,Rate,deaths before age 65,,"per 100,000 people",
design in progress,Health conditions,Health outcomes,,Top causes of premature death,,,,,,,
design in progress,Health conditions,Health outcomes,,Top causes of cancer-related premature death,The leading types of cancer-related premature death in <Name> are:,,,,,,
,Health conditions,Health outcomes,life-expectancy,Life expectancy ,,"<Name>'s average life expectancy is <SUM(Value)> years, which is <AGG(NYC comparison)> NYC overall.",,,,,
