Level,Section,Subsection,Id,Heading,Keys
category,Social,,social,,
category,Neighborhood,,neighborhood,,
category,Health care,,health-care,,
category,Family & child health,,maternal-child-health,,
category,Mental health & substance use,,mental-health-substance-use,,
category,Health conditions,,health-conditions,,
section,At a glance,,neighborhood-overview,Neighborhood Overview,
section,Social,Community conditions,community-safety,,
section,Social,Economic,economic-conditions,,
section,Social,Education,education,,
section,Neighborhood,Environmental risk,environmental-risk,,
section,Neighborhood,Food,food-environment,,
section,Neighborhood,Housing quality,housing-quality,,
section,Neighborhood,Transport & safety,transportation-safety,,
section,Health care,Access to care,health-care-access,,
section,Health care,Injury & hospitalization,injury-hospitalizations,,
section,Health care,Prevention,prevention,,
section,Family & child health,Maternal,maternal,,
section,Family & child health,Infant & child,infant-child,,
section,Mental health & substance use,Mental health,mental-wellness,,
section,Mental health & substance use,Substance use,substance-use,,
section,Health conditions,Chronic conditions,chronic-conditions,,
section,Health conditions,Infectious disease,infectious-disease,,
section,Health conditions,Health outcomes,health-outcomes,,
custom,,,avertable-deaths,Avertable Deaths,avertable-death
